VAR,Variable,COU,Country,YEA,Year,Value
FELL_TOT,Fellings,AUS,Australia,1990,1990,17564
FELL_TOT,Fellings,AUS,Australia,1995,1995,19560
FELL_TOT,Fellings,AUS,Australia,2000,2000,24407727
FELL_TOT,Fellings,AUS,Australia,2001,2001,24474
FELL_TOT,Fellings,AUS,Australia,2002,2002,24296
FELL_TOT,Fellings,AUS,Australia,2003,2003,25819
FELL_TOT,Fellings,AUS,Australia,2004,2004,26498
FELL_TOT,Fellings,AUS,Australia,2005,2005,26998358
FELL_TOT,Fellings,AUS,Australia,2006,2006,26734156
FELL_TOT,Fellings,AUS,Australia,2007,2007,27192006
FELL_TOT,Fellings,AUS,Australia,2008,2008,28367758
FELL_TOT,Fellings,AUS,Australia,2009,2009,25798803
FELL_TOT,Fellings,AUS,Australia,2010,2010,25563
FELL_TOT,Fellings,AUS,Australia,2011,2011,26532
FELL_TOT,Fellings,AUS,Australia,2012,2012,23497
FELL_TOT,Fellings,AUS,Australia,2013,2013,22580
FELL_TOT,Fellings,AUS,Australia,2014,2014,25266
FELL_TOT,Fellings,AUS,Australia,2015,2015,27290
FELL_TOT,Fellings,AUS,Australia,2016,2016,30083
FELL_TOT,Fellings,AUT,Austria,1991,1991,17925
FELL_TOT,Fellings,AUT,Austria,1997,1997,17490
FELL_TOT,Fellings,AUT,Austria,2005,2005,23511
FELL_TOT,Fellings,BEL,Belgium,1990,1990,4400
FELL_TOT,Fellings,BEL,Belgium,1995,1995,4400
FELL_TOT,Fellings,BEL,Belgium,2000,2000,3457
FELL_TOT,Fellings,BEL,Belgium,2005,2005,4389
FELL_TOT,Fellings,BEL,Belgium,2010,2010,5230195
FELL_TOT,Fellings,BEL,Belgium,2012,2012,5057122
FELL_TOT,Fellings,CAN,Canada,1990,1990,162567
FELL_TOT,Fellings,CAN,Canada,1991,1991,160880
FELL_TOT,Fellings,CAN,Canada,1992,1992,170131
FELL_TOT,Fellings,CAN,Canada,1993,1993,175999
FELL_TOT,Fellings,CAN,Canada,1994,1994,183261
FELL_TOT,Fellings,CAN,Canada,1995,1995,188497
FELL_TOT,Fellings,CAN,Canada,1996,1996,183375
FELL_TOT,Fellings,CAN,Canada,1997,1997,188750
FELL_TOT,Fellings,CAN,Canada,1998,1998,176957
FELL_TOT,Fellings,CAN,Canada,1999,1999,199574
FELL_TOT,Fellings,CAN,Canada,2000,2000,202372
FELL_TOT,Fellings,CAN,Canada,2001,2001,187300
FELL_TOT,Fellings,CAN,Canada,2002,2002,198231
FELL_TOT,Fellings,CAN,Canada,2003,2003,184273
FELL_TOT,Fellings,CAN,Canada,2004,2004,210871
FELL_TOT,Fellings,CAN,Canada,2005,2005,205665
FELL_TOT,Fellings,CAN,Canada,2006,2006,185359
FELL_TOT,Fellings,CAN,Canada,2007,2007,165921
FELL_TOT,Fellings,CAN,Canada,2008,2008,141397
FELL_TOT,Fellings,CAN,Canada,2009,2009,118935
FELL_TOT,Fellings,CAN,Canada,2010,2010,144274
FELL_TOT,Fellings,CAN,Canada,2011,2011,150483
FELL_TOT,Fellings,CAN,Canada,2012,2012,153185
FELL_TOT,Fellings,CAN,Canada,2013,2013,155531
FELL_TOT,Fellings,CAN,Canada,2014,2014,155136
FELL_TOT,Fellings,CAN,Canada,2015,2015,159846
FELL_TOT,Fellings,CAN,Canada,2016,2016,157618
FELL_TOT,Fellings,CAN,Canada,2017,2017,156718
FELL_TOT,Fellings,CZE,Czech Republic,1990,1990,14775
FELL_TOT,Fellings,CZE,Czech Republic,1991,1991,11915
FELL_TOT,Fellings,CZE,Czech Republic,1992,1992,10917
FELL_TOT,Fellings,CZE,Czech Republic,1993,1993,11533
FELL_TOT,Fellings,CZE,Czech Republic,1994,1994,13244
FELL_TOT,Fellings,CZE,Czech Republic,1995,1995,13704
FELL_TOT,Fellings,CZE,Czech Republic,1996,1996,13947
FELL_TOT,Fellings,CZE,Czech Republic,1997,1997,14952
FELL_TOT,Fellings,CZE,Czech Republic,1998,1998,15507
FELL_TOT,Fellings,CZE,Czech Republic,1999,1999,15741
FELL_TOT,Fellings,CZE,Czech Republic,2000,2000,16005
FELL_TOT,Fellings,CZE,Czech Republic,2001,2001,15931
FELL_TOT,Fellings,CZE,Czech Republic,2002,2002,16116
FELL_TOT,Fellings,CZE,Czech Republic,2003,2003,16780
FELL_TOT,Fellings,CZE,Czech Republic,2004,2004,17291
FELL_TOT,Fellings,CZE,Czech Republic,2005,2005,17190
FELL_TOT,Fellings,CZE,Czech Republic,2006,2006,19593
FELL_TOT,Fellings,CZE,Czech Republic,2007,2007,20513
FELL_TOT,Fellings,CZE,Czech Republic,2008,2008,17940
FELL_TOT,Fellings,CZE,Czech Republic,2009,2009,17179
FELL_TOT,Fellings,CZE,Czech Republic,2010,2010,18553
FELL_TOT,Fellings,CZE,Czech Republic,2011,2011,17047
FELL_TOT,Fellings,CZE,Czech Republic,2012,2012,16692
FELL_TOT,Fellings,CZE,Czech Republic,2013,2013,16991
FELL_TOT,Fellings,CZE,Czech Republic,2014,2014,17152
FELL_TOT,Fellings,CZE,Czech Republic,2015,2015,17913
FELL_TOT,Fellings,CZE,Czech Republic,2016,2016,19525
FELL_TOT,Fellings,CZE,Czech Republic,2017,2017,21487
FELL_TOT,Fellings,CZE,Czech Republic,2018,2018,28471
FELL_TOT,Fellings,DNK,Denmark,1990,1990,1755
FELL_TOT,Fellings,DNK,Denmark,1991,1991,1664
FELL_TOT,Fellings,DNK,Denmark,1992,1992,1666
FELL_TOT,Fellings,DNK,Denmark,1993,1993,1546
FELL_TOT,Fellings,DNK,Denmark,1994,1994,1611
FELL_TOT,Fellings,DNK,Denmark,1995,1995,1675
FELL_TOT,Fellings,DNK,Denmark,1996,1996,1632
FELL_TOT,Fellings,DNK,Denmark,1997,1997,1580
FELL_TOT,Fellings,DNK,Denmark,1998,1998,1487
FELL_TOT,Fellings,DNK,Denmark,1999,1999,1492
FELL_TOT,Fellings,DNK,Denmark,2000,2000,3193
FELL_TOT,Fellings,DNK,Denmark,2001,2001,1559
FELL_TOT,Fellings,DNK,Denmark,2002,2002,1397
FELL_TOT,Fellings,DNK,Denmark,2003,2003,1572
FELL_TOT,Fellings,DNK,Denmark,2004,2004,1623
FELL_TOT,Fellings,DNK,Denmark,2005,2005,2576
FELL_TOT,Fellings,DNK,Denmark,2006,2006,2043
FELL_TOT,Fellings,DNK,Denmark,2007,2007,2217
FELL_TOT,Fellings,DNK,Denmark,2008,2008,2062
FELL_TOT,Fellings,DNK,Denmark,2009,2009,2091
FELL_TOT,Fellings,DNK,Denmark,2010,2010,2309
FELL_TOT,Fellings,DNK,Denmark,2011,2011,2231
FELL_TOT,Fellings,DNK,Denmark,2012,2012,3981
FELL_TOT,Fellings,DNK,Denmark,2013,2013,4195
FELL_TOT,Fellings,DNK,Denmark,2014,2014,4345
FELL_TOT,Fellings,DNK,Denmark,2015,2015,3831
FELL_TOT,Fellings,DNK,Denmark,2016,2016,3939
FELL_TOT,Fellings,DNK,Denmark,2017,2017,4270782
FELL_TOT,Fellings,DNK,Denmark,2018,2018,4281
FELL_TOT,Fellings,FIN,Finland,1990,1990,55100
FELL_TOT,Fellings,FIN,Finland,1995,1995,63571
FELL_TOT,Fellings,FIN,Finland,2000,2000,69973
FELL_TOT,Fellings,FIN,Finland,2001,2001,67723
FELL_TOT,Fellings,FIN,Finland,2002,2002,68711
FELL_TOT,Fellings,FIN,Finland,2003,2003,69896
FELL_TOT,Fellings,FIN,Finland,2004,2004,69934
FELL_TOT,Fellings,FIN,Finland,2005,2005,67326
FELL_TOT,Fellings,FIN,Finland,2006,2006,65376
FELL_TOT,Fellings,FIN,Finland,2007,2007,72932
FELL_TOT,Fellings,FIN,Finland,2008,2008,71208
FELL_TOT,Fellings,FIN,Finland,2009,2009,60135
FELL_TOT,Fellings,FIN,Finland,2010,2010,72788
FELL_TOT,Fellings,FIN,Finland,2011,2011,73643
FELL_TOT,Fellings,FIN,Finland,2012,2012,72900
FELL_TOT,Fellings,FIN,Finland,2013,2013,79185
FELL_TOT,Fellings,FIN,Finland,2014,2014,79152
FELL_TOT,Fellings,FIN,Finland,2015,2015,82396
FELL_TOT,Fellings,FIN,Finland,2016,2016,85744
FELL_TOT,Fellings,FIN,Finland,2017,2017,87191
FELL_TOT,Fellings,FRA,France,1990,1990,54610
FELL_TOT,Fellings,FRA,France,1991,1991,55696
FELL_TOT,Fellings,FRA,France,1992,1992,57125
FELL_TOT,Fellings,FRA,France,1993,1993,56322
FELL_TOT,Fellings,FRA,France,1994,1994,57348
FELL_TOT,Fellings,FRA,France,1995,1995,58539
FELL_TOT,Fellings,FRA,France,1996,1996,60248
FELL_TOT,Fellings,FRA,France,1997,1997,61554
FELL_TOT,Fellings,FRA,France,1998,1998,63386
FELL_TOT,Fellings,FRA,France,1999,1999,63285
FELL_TOT,Fellings,FRA,France,2002,2002,70658
FELL_TOT,Fellings,FRA,France,2003,2003,64132
FELL_TOT,Fellings,FRA,France,2004,2004,59001
FELL_TOT,Fellings,FRA,France,2009,2009,48874529
FELL_TOT,Fellings,FRA,France,2010,2010,49899601
FELL_TOT,Fellings,FRA,France,2011,2011,51614427
FELL_TOT,Fellings,FRA,France,2012,2012,52285994
FELL_TOT,Fellings,FRA,France,2013,2013,51362506
FELL_TOT,Fellings,FRA,France,2014,2014,50707423
FELL_TOT,Fellings,FRA,France,2015,2015,51467694
FELL_TOT,Fellings,FRA,France,2016,2016,51789015
FELL_TOT,Fellings,FRA,France,2017,2017,52687473
FELL_TOT,Fellings,DEU,Germany,1993,1993,63491003
FELL_TOT,Fellings,DEU,Germany,1994,1994,66085579
FELL_TOT,Fellings,DEU,Germany,1995,1995,67268
FELL_TOT,Fellings,DEU,Germany,1996,1996,67806
FELL_TOT,Fellings,DEU,Germany,1997,1997,71296
FELL_TOT,Fellings,DEU,Germany,1998,1998,72048
FELL_TOT,Fellings,DEU,Germany,1999,1999,71843
FELL_TOT,Fellings,DEU,Germany,2000,2000,91175
FELL_TOT,Fellings,DEU,Germany,2001,2001,72315
FELL_TOT,Fellings,DEU,Germany,2002,2002,76350.41
FELL_TOT,Fellings,DEU,Germany,2003,2003,87561641
FELL_TOT,Fellings,DEU,Germany,2004,2004,97802409
FELL_TOT,Fellings,DEU,Germany,2005,2005,101778434
FELL_TOT,Fellings,DEU,Germany,2006,2006,109954993
FELL_TOT,Fellings,DEU,Germany,2007,2007,124192003
FELL_TOT,Fellings,DEU,Germany,2008,2008,101603932
FELL_TOT,Fellings,DEU,Germany,2009,2009,87868686
FELL_TOT,Fellings,DEU,Germany,2010,2010,101200015
FELL_TOT,Fellings,DEU,Germany,2011,2011,93409229
FELL_TOT,Fellings,DEU,Germany,2012,2012,93821429
FELL_TOT,Fellings,DEU,Germany,2013,2013,87237812
FELL_TOT,Fellings,DEU,Germany,2014,2014,86927669
FELL_TOT,Fellings,DEU,Germany,2015,2015,88504991
FELL_TOT,Fellings,DEU,Germany,2016,2016,85341732
FELL_TOT,Fellings,DEU,Germany,2017,2017,84628197
FELL_TOT,Fellings,GRC,Greece,1990,1990,2383
FELL_TOT,Fellings,GRC,Greece,1991,1991,2300
FELL_TOT,Fellings,GRC,Greece,1992,1992,2242
FELL_TOT,Fellings,GRC,Greece,1993,1993,2231
FELL_TOT,Fellings,GRC,Greece,1994,1994,2398
FELL_TOT,Fellings,GRC,Greece,1995,1995,1856
FELL_TOT,Fellings,GRC,Greece,1996,1996,2009
FELL_TOT,Fellings,GRC,Greece,1997,1997,1985
FELL_TOT,Fellings,GRC,Greece,1998,1998,1691
FELL_TOT,Fellings,GRC,Greece,1999,1999,2215
FELL_TOT,Fellings,GRC,Greece,2000,2000,1972
FELL_TOT,Fellings,GRC,Greece,2001,2001,1529
FELL_TOT,Fellings,GRC,Greece,2002,2002,1586
FELL_TOT,Fellings,GRC,Greece,2003,2003,1650
FELL_TOT,Fellings,GRC,Greece,2004,2004,1693
FELL_TOT,Fellings,GRC,Greece,2005,2005,1601
FELL_TOT,Fellings,GRC,Greece,2006,2006,1666
FELL_TOT,Fellings,GRC,Greece,2007,2007,1587
FELL_TOT,Fellings,GRC,Greece,2008,2008,1466
FELL_TOT,Fellings,GRC,Greece,2009,2009,1267
FELL_TOT,Fellings,GRC,Greece,2010,2010,1838
FELL_TOT,Fellings,GRC,Greece,2011,2011,1833.75
FELL_TOT,Fellings,GRC,Greece,2012,2012,1711879
FELL_TOT,Fellings,GRC,Greece,2013,2013,1596427
FELL_TOT,Fellings,GRC,Greece,2014,2014,1431926
FELL_TOT,Fellings,HUN,Hungary,1990,1990,7415
FELL_TOT,Fellings,HUN,Hungary,1995,1995,6049
FELL_TOT,Fellings,HUN,Hungary,1996,1996,6604
FELL_TOT,Fellings,HUN,Hungary,1997,1997,6713
FELL_TOT,Fellings,HUN,Hungary,1998,1998,6579
FELL_TOT,Fellings,HUN,Hungary,1999,1999,6901
FELL_TOT,Fellings,HUN,Hungary,2000,2000,7287
FELL_TOT,Fellings,HUN,Hungary,2001,2001,7011
FELL_TOT,Fellings,HUN,Hungary,2002,2002,7013
FELL_TOT,Fellings,HUN,Hungary,2003,2003,7085
FELL_TOT,Fellings,HUN,Hungary,2004,2004,7094
FELL_TOT,Fellings,HUN,Hungary,2005,2005,7167
FELL_TOT,Fellings,HUN,Hungary,2006,2006,7005
FELL_TOT,Fellings,HUN,Hungary,2007,2007,6609
FELL_TOT,Fellings,HUN,Hungary,2008,2008,7024
FELL_TOT,Fellings,HUN,Hungary,2009,2009,6774
FELL_TOT,Fellings,HUN,Hungary,2010,2010,7424
FELL_TOT,Fellings,HUN,Hungary,2011,2011,8080
FELL_TOT,Fellings,HUN,Hungary,2012,2012,7732
FELL_TOT,Fellings,HUN,Hungary,2013,2013,7875
FELL_TOT,Fellings,HUN,Hungary,2014,2014,7517
FELL_TOT,Fellings,HUN,Hungary,2015,2015,7354
FELL_TOT,Fellings,HUN,Hungary,2016,2016,7338
FELL_TOT,Fellings,HUN,Hungary,2017,2017,7576
FELL_TOT,Fellings,HUN,Hungary,2018,2018,7767
FELL_TOT,Fellings,ISL,Iceland,1995,1995,0.2
FELL_TOT,Fellings,ISL,Iceland,2005,2005,0.5
FELL_TOT,Fellings,IRL,Ireland,1990,1990,1835
FELL_TOT,Fellings,IRL,Ireland,1995,1995,2338
FELL_TOT,Fellings,IRL,Ireland,2000,2000,3043
FELL_TOT,Fellings,IRL,Ireland,2005,2005,3206
FELL_TOT,Fellings,IRL,Ireland,2006,2006,3234
FELL_TOT,Fellings,IRL,Ireland,2007,2007,3240.6
FELL_TOT,Fellings,IRL,Ireland,2008,2008,2636.7
FELL_TOT,Fellings,IRL,Ireland,2009,2009,2732.4
FELL_TOT,Fellings,IRL,Ireland,2010,2010,2948
FELL_TOT,Fellings,IRL,Ireland,2011,2011,2953.5
FELL_TOT,Fellings,IRL,Ireland,2012,2012,3121.8
FELL_TOT,Fellings,IRL,Ireland,2013,2013,3339.6
FELL_TOT,Fellings,IRL,Ireland,2014,2014,3425.4
FELL_TOT,Fellings,IRL,Ireland,2015,2015,3575
FELL_TOT,Fellings,IRL,Ireland,2016,2016,3690.5
FELL_TOT,Fellings,IRL,Ireland,2017,2017,3896.2
FELL_TOT,Fellings,IRL,Ireland,2018,2018,4053.5
FELL_TOT,Fellings,ITA,Italy,1990,1990,13337
FELL_TOT,Fellings,ITA,Italy,1995,1995,10101
FELL_TOT,Fellings,ITA,Italy,2000,2000,14327
FELL_TOT,Fellings,ITA,Italy,2005,2005,13298
FELL_TOT,Fellings,ITA,Italy,2010,2010,12755
FELL_TOT,Fellings,JPN,Japan,1990,1990,37613
FELL_TOT,Fellings,JPN,Japan,1995,1995,29285
FELL_TOT,Fellings,JPN,Japan,2000,2000,24650
FELL_TOT,Fellings,JPN,Japan,2005,2005,34659
FELL_TOT,Fellings,JPN,Japan,2006,2006,35784
FELL_TOT,Fellings,JPN,Japan,2007,2007,39690
FELL_TOT,Fellings,JPN,Japan,2008,2008,41194
FELL_TOT,Fellings,JPN,Japan,2009,2009,43484
FELL_TOT,Fellings,JPN,Japan,2010,2010,44152
FELL_TOT,Fellings,JPN,Japan,2011,2011,45931
FELL_TOT,Fellings,JPN,Japan,2012,2012,39455
FELL_TOT,Fellings,JPN,Japan,2013,2013,40202
FELL_TOT,Fellings,JPN,Japan,2014,2014,41861
FELL_TOT,Fellings,JPN,Japan,2015,2015,43806
FELL_TOT,Fellings,JPN,Japan,2016,2016,45682
FELL_TOT,Fellings,JPN,Japan,2017,2017,48051
FELL_TOT,Fellings,KOR,Korea,1990,1990,2223
FELL_TOT,Fellings,KOR,Korea,1995,1995,1831
FELL_TOT,Fellings,KOR,Korea,2000,2000,2438
FELL_TOT,Fellings,KOR,Korea,2005,2005,3573
FELL_TOT,Fellings,KOR,Korea,2006,2006,3728
FELL_TOT,Fellings,KOR,Korea,2007,2007,4553
FELL_TOT,Fellings,KOR,Korea,2008,2008,4727
FELL_TOT,Fellings,KOR,Korea,2009,2009,7678
FELL_TOT,Fellings,KOR,Korea,2010,2010,8671
FELL_TOT,Fellings,KOR,Korea,2011,2011,9953
FELL_TOT,Fellings,KOR,Korea,2012,2012,10701
FELL_TOT,Fellings,KOR,Korea,2013,2013,9323
FELL_TOT,Fellings,KOR,Korea,2014,2014,8763
FELL_TOT,Fellings,KOR,Korea,2015,2015,7769
FELL_TOT,Fellings,KOR,Korea,2016,2016,7670
FELL_TOT,Fellings,KOR,Korea,2017,2017,6750
FELL_TOT,Fellings,LUX,Luxembourg,1990,1990,476
FELL_TOT,Fellings,LUX,Luxembourg,1995,1995,345
FELL_TOT,Fellings,LUX,Luxembourg,2000,2000,316
FELL_TOT,Fellings,LUX,Luxembourg,2005,2005,249
FELL_TOT,Fellings,LUX,Luxembourg,2006,2006,294
FELL_TOT,Fellings,LUX,Luxembourg,2007,2007,370
FELL_TOT,Fellings,LUX,Luxembourg,2008,2008,382
FELL_TOT,Fellings,LUX,Luxembourg,2009,2009,354
FELL_TOT,Fellings,LUX,Luxembourg,2010,2010,464
FELL_TOT,Fellings,LUX,Luxembourg,2011,2011,515
FELL_TOT,Fellings,LUX,Luxembourg,2012,2012,363
FELL_TOT,Fellings,LUX,Luxembourg,2013,2013,356
FELL_TOT,Fellings,LUX,Luxembourg,2014,2014,405
FELL_TOT,Fellings,LUX,Luxembourg,2015,2015,438
FELL_TOT,Fellings,LUX,Luxembourg,2016,2016,382
FELL_TOT,Fellings,LUX,Luxembourg,2017,2017,432
FELL_TOT,Fellings,LUX,Luxembourg,2018,2018,526
FELL_TOT,Fellings,MEX,Mexico,1990,1990,8157204
FELL_TOT,Fellings,MEX,Mexico,1991,1991,7688515
FELL_TOT,Fellings,MEX,Mexico,1992,1992,7682061
FELL_TOT,Fellings,MEX,Mexico,1993,1993,6349356
FELL_TOT,Fellings,MEX,Mexico,1994,1994,6406.75
FELL_TOT,Fellings,MEX,Mexico,1995,1995,6302417
FELL_TOT,Fellings,MEX,Mexico,1996,1996,6843786
FELL_TOT,Fellings,MEX,Mexico,1997,1997,7711809
FELL_TOT,Fellings,MEX,Mexico,1998,1998,8330982
FELL_TOT,Fellings,MEX,Mexico,1999,1999,8496726
FELL_TOT,Fellings,MEX,Mexico,2000,2000,9429.8
FELL_TOT,Fellings,MEX,Mexico,2001,2001,8124571
FELL_TOT,Fellings,MEX,Mexico,2002,2002,6664.72
FELL_TOT,Fellings,MEX,Mexico,2003,2003,6996.77
FELL_TOT,Fellings,MEX,Mexico,2004,2004,6718508
FELL_TOT,Fellings,MEX,Mexico,2005,2005,6423898
FELL_TOT,Fellings,MEX,Mexico,2006,2006,6481167
FELL_TOT,Fellings,MEX,Mexico,2007,2007,6988461
FELL_TOT,Fellings,MEX,Mexico,2008,2008,6304948
FELL_TOT,Fellings,MEX,Mexico,2009,2009,5808957
FELL_TOT,Fellings,MEX,Mexico,2010,2010,5627087
FELL_TOT,Fellings,MEX,Mexico,2011,2011,5501086
FELL_TOT,Fellings,MEX,Mexico,2012,2012,5910293
FELL_TOT,Fellings,MEX,Mexico,2013,2013,5957094
FELL_TOT,Fellings,MEX,Mexico,2014,2014,5664934
FELL_TOT,Fellings,MEX,Mexico,2015,2015,6122241
FELL_TOT,Fellings,MEX,Mexico,2016,2016,6715284
FELL_TOT,Fellings,MEX,Mexico,2017,2017,7072005
FELL_TOT,Fellings,NLD,Netherlands,1990,1990,1278
FELL_TOT,Fellings,NLD,Netherlands,1995,1995,1455
FELL_TOT,Fellings,NLD,Netherlands,2000,2000,1354
FELL_TOT,Fellings,NLD,Netherlands,2005,2005,1314
FELL_TOT,Fellings,NLD,Netherlands,2010,2010,1295
FELL_TOT,Fellings,NLD,Netherlands,2013,2013,1267
FELL_TOT,Fellings,NLD,Netherlands,2017,2017,1321
FELL_TOT,Fellings,NLD,Netherlands,2018,2018,1268
FELL_TOT,Fellings,NZL,New Zealand,1990,1990,11486
FELL_TOT,Fellings,NZL,New Zealand,1991,1991,13454
FELL_TOT,Fellings,NZL,New Zealand,1992,1992,13903
FELL_TOT,Fellings,NZL,New Zealand,1993,1993,14690
FELL_TOT,Fellings,NZL,New Zealand,1994,1994,14871
FELL_TOT,Fellings,NZL,New Zealand,1995,1995,16183
FELL_TOT,Fellings,NZL,New Zealand,1996,1996,16692
FELL_TOT,Fellings,NZL,New Zealand,1997,1997,16074
FELL_TOT,Fellings,NZL,New Zealand,1998,1998,16705
FELL_TOT,Fellings,NZL,New Zealand,1999,1999,15814
FELL_TOT,Fellings,NZL,New Zealand,2000,2000,18196
FELL_TOT,Fellings,NZL,New Zealand,2001,2001,19287
FELL_TOT,Fellings,NZL,New Zealand,2002,2002,20940
FELL_TOT,Fellings,NZL,New Zealand,2003,2003,22472
FELL_TOT,Fellings,NZL,New Zealand,2004,2004,20911
FELL_TOT,Fellings,NZL,New Zealand,2005,2005,19334
FELL_TOT,Fellings,NZL,New Zealand,2006,2006,18894
FELL_TOT,Fellings,NZL,New Zealand,2007,2007,19974
FELL_TOT,Fellings,NZL,New Zealand,2008,2008,20481
FELL_TOT,Fellings,NZL,New Zealand,2009,2009,18937
FELL_TOT,Fellings,NZL,New Zealand,2010,2010,22042
FELL_TOT,Fellings,NZL,New Zealand,2011,2011,25131
FELL_TOT,Fellings,NZL,New Zealand,2012,2012,26070
FELL_TOT,Fellings,NZL,New Zealand,2013,2013,28163682
FELL_TOT,Fellings,NZL,New Zealand,2014,2014,30258.37
FELL_TOT,Fellings,NZL,New Zealand,2015,2015,29580
FELL_TOT,Fellings,NZL,New Zealand,2016,2016,28536
FELL_TOT,Fellings,NZL,New Zealand,2017,2017,31411
FELL_TOT,Fellings,NOR,Norway,1990,1990,13958
FELL_TOT,Fellings,NOR,Norway,1995,1995,12812
FELL_TOT,Fellings,NOR,Norway,2000,2000,12048
FELL_TOT,Fellings,NOR,Norway,2005,2005,13068
FELL_TOT,Fellings,NOR,Norway,2006,2006,11764
FELL_TOT,Fellings,NOR,Norway,2007,2007,12845
FELL_TOT,Fellings,NOR,Norway,2008,2008,12705
FELL_TOT,Fellings,NOR,Norway,2009,2009,11038
FELL_TOT,Fellings,NOR,Norway,2010,2010,13359
FELL_TOT,Fellings,NOR,Norway,2011,2011,13116
FELL_TOT,Fellings,NOR,Norway,2012,2012,13758
FELL_TOT,Fellings,NOR,Norway,2013,2013,13313
FELL_TOT,Fellings,NOR,Norway,2014,2014,14081
FELL_TOT,Fellings,NOR,Norway,2015,2015,15547
FELL_TOT,Fellings,NOR,Norway,2016,2016,15711
FELL_TOT,Fellings,NOR,Norway,2017,2017,16056
FELL_TOT,Fellings,NOR,Norway,2018,2018,16298
FELL_TOT,Fellings,POL,Poland,1990,1990,26197
FELL_TOT,Fellings,POL,Poland,1995,1995,30532
FELL_TOT,Fellings,POL,Poland,2000,2000,32531
FELL_TOT,Fellings,POL,Poland,2005,2005,37156
FELL_TOT,Fellings,POL,Poland,2009,2009,37754
FELL_TOT,Fellings,POL,Poland,2010,2010,46600
FELL_TOT,Fellings,PRT,Portugal,1990,1990,13852
FELL_TOT,Fellings,PRT,Portugal,1995,1995,11200
FELL_TOT,Fellings,PRT,Portugal,2000,2000,12650
FELL_TOT,Fellings,PRT,Portugal,2001,2001,11909849
FELL_TOT,Fellings,PRT,Portugal,2002,2002,11501143
FELL_TOT,Fellings,PRT,Portugal,2003,2003,12701785
FELL_TOT,Fellings,PRT,Portugal,2004,2004,14321285
FELL_TOT,Fellings,PRT,Portugal,2005,2005,14229
FELL_TOT,Fellings,PRT,Portugal,2006,2006,14130741
FELL_TOT,Fellings,PRT,Portugal,2007,2007,14184832
FELL_TOT,Fellings,PRT,Portugal,2008,2008,13259652
FELL_TOT,Fellings,PRT,Portugal,2009,2009,12588492
FELL_TOT,Fellings,SVK,Slovak Republic,1990,1990,5276
FELL_TOT,Fellings,SVK,Slovak Republic,1995,1995,5323
FELL_TOT,Fellings,SVK,Slovak Republic,2000,2000,6218
FELL_TOT,Fellings,SVK,Slovak Republic,2001,2001,6185
FELL_TOT,Fellings,SVK,Slovak Republic,2002,2002,6248
FELL_TOT,Fellings,SVK,Slovak Republic,2003,2003,6652
FELL_TOT,Fellings,SVK,Slovak Republic,2004,2004,7268
FELL_TOT,Fellings,SVK,Slovak Republic,2005,2005,10191
FELL_TOT,Fellings,SVK,Slovak Republic,2006,2006,8357
FELL_TOT,Fellings,SVK,Slovak Republic,2007,2007,8367
FELL_TOT,Fellings,SVK,Slovak Republic,2008,2008,9467
FELL_TOT,Fellings,SVK,Slovak Republic,2009,2009,9248
FELL_TOT,Fellings,SVK,Slovak Republic,2010,2010,9860
FELL_TOT,Fellings,SVK,Slovak Republic,2011,2011,9467
FELL_TOT,Fellings,SVK,Slovak Republic,2012,2012,8232
FELL_TOT,Fellings,SVK,Slovak Republic,2013,2013,7837
FELL_TOT,Fellings,SVK,Slovak Republic,2014,2014,9417
FELL_TOT,Fellings,SVK,Slovak Republic,2015,2015,9249
FELL_TOT,Fellings,SVK,Slovak Republic,2016,2016,9321
FELL_TOT,Fellings,SVK,Slovak Republic,2017,2017,9393
FELL_TOT,Fellings,SVK,Slovak Republic,2018,2018,9865
FELL_TOT,Fellings,ESP,Spain,1990,1990,17741207
FELL_TOT,Fellings,ESP,Spain,2000,2000,16873389
FELL_TOT,Fellings,ESP,Spain,2005,2005,17369103
FELL_TOT,Fellings,ESP,Spain,2010,2010,19706466
FELL_TOT,Fellings,ESP,Spain,2015,2015,20633
FELL_TOT,Fellings,ESP,Spain,2016,2016,19289
FELL_TOT,Fellings,ESP,Spain,2017,2017,20005
FELL_TOT,Fellings,SWE,Sweden,1990,1990,60400
FELL_TOT,Fellings,SWE,Sweden,2000,2000,71200
FELL_TOT,Fellings,SWE,Sweden,2005,2005,86400
FELL_TOT,Fellings,SWE,Sweden,2009,2009,78800
FELL_TOT,Fellings,SWE,Sweden,2010,2010,88900
FELL_TOT,Fellings,SWE,Sweden,2011,2011,88400
FELL_TOT,Fellings,SWE,Sweden,2012,2012,85500
FELL_TOT,Fellings,SWE,Sweden,2013,2013,85600
FELL_TOT,Fellings,SWE,Sweden,2014,2014,91500
FELL_TOT,Fellings,SWE,Sweden,2015,2015,92400
FELL_TOT,Fellings,SWE,Sweden,2016,2016,93300
FELL_TOT,Fellings,SWE,Sweden,2017,2017,90900
FELL_TOT,Fellings,CHE,Switzerland,2000,2000,7838
FELL_TOT,Fellings,CHE,Switzerland,2005,2005,8076
FELL_TOT,Fellings,CHE,Switzerland,2010,2010,8289
FELL_TOT,Fellings,CHE,Switzerland,2015,2015,8505
FELL_TOT,Fellings,TUR,Turkey,1990,1990,16448
FELL_TOT,Fellings,TUR,Turkey,1995,1995,14902
FELL_TOT,Fellings,TUR,Turkey,2000,2000,12880
FELL_TOT,Fellings,TUR,Turkey,2005,2005,14107
FELL_TOT,Fellings,TUR,Turkey,2009,2009,18736
FELL_TOT,Fellings,TUR,Turkey,2010,2010,16424
FELL_TOT,Fellings,TUR,Turkey,2011,2011,17216
FELL_TOT,Fellings,TUR,Turkey,2012,2012,17893
FELL_TOT,Fellings,TUR,Turkey,2013,2013,17886
FELL_TOT,Fellings,TUR,Turkey,2014,2014,19276
FELL_TOT,Fellings,TUR,Turkey,2015,2015,21241
FELL_TOT,Fellings,TUR,Turkey,2016,2016,21129
FELL_TOT,Fellings,TUR,Turkey,2017,2017,20196
FELL_TOT,Fellings,GBR,United Kingdom,1990,1990,7890
FELL_TOT,Fellings,GBR,United Kingdom,1995,1995,9503
FELL_TOT,Fellings,GBR,United Kingdom,2000,2000,9678
FELL_TOT,Fellings,GBR,United Kingdom,2005,2005,10551
FELL_TOT,Fellings,GBR,United Kingdom,2010,2010,11646
FELL_TOT,Fellings,GBR,United Kingdom,2015,2015,13517
FELL_TOT,Fellings,USA,United States,1991,1991,521502.08
FELL_TOT,Fellings,USA,United States,1996,1996,511330.24
FELL_TOT,Fellings,USA,United States,2001,2001,506038.19
FELL_TOT,Fellings,USA,United States,2006,2006,488565.06
FELL_TOT,Fellings,USA,United States,2011,2011,411048.88
FELL_TOT,Fellings,USA,United States,2016,2016,417357.93
FELL_TOT,Fellings,CHL,Chile,1990,1990,22999.38
FELL_TOT,Fellings,CHL,Chile,2000,2000,35892.04
FELL_TOT,Fellings,CHL,Chile,2005,2005,45707.22
FELL_TOT,Fellings,CHL,Chile,2009,2009,52696.44
FELL_TOT,Fellings,CHL,Chile,2012,2012,59659
FELL_TOT,Fellings,CHL,Chile,2013,2013,54400
FELL_TOT,Fellings,CHL,Chile,2014,2014,51907
FELL_TOT,Fellings,CHL,Chile,2015,2015,52006
FELL_TOT,Fellings,CHL,Chile,2016,2016,53011
FELL_TOT,Fellings,CHL,Chile,2017,2017,53921
FELL_TOT,Fellings,EST,Estonia,1990,1990,3770
FELL_TOT,Fellings,EST,Estonia,1991,1991,4330353
FELL_TOT,Fellings,EST,Estonia,1992,1992,3009721
FELL_TOT,Fellings,EST,Estonia,1993,1993,3415292
FELL_TOT,Fellings,EST,Estonia,1994,1994,5085519
FELL_TOT,Fellings,EST,Estonia,1995,1995,5587179
FELL_TOT,Fellings,EST,Estonia,1996,1996,6189383
FELL_TOT,Fellings,EST,Estonia,1997,1997,9033464
FELL_TOT,Fellings,EST,Estonia,1998,1998,9811156
FELL_TOT,Fellings,EST,Estonia,1999,1999,10860423
FELL_TOT,Fellings,EST,Estonia,2000,2000,10556467
FELL_TOT,Fellings,EST,Estonia,2001,2001,12403272
FELL_TOT,Fellings,EST,Estonia,2002,2002,10134305
FELL_TOT,Fellings,EST,Estonia,2003,2003,9834424
FELL_TOT,Fellings,EST,Estonia,2004,2004,8101.82
FELL_TOT,Fellings,EST,Estonia,2005,2005,7962095
FELL_TOT,Fellings,EST,Estonia,2006,2006,5737211
FELL_TOT,Fellings,EST,Estonia,2007,2007,5167935
FELL_TOT,Fellings,EST,Estonia,2008,2008,4639198
FELL_TOT,Fellings,EST,Estonia,2009,2009,6349505
FELL_TOT,Fellings,EST,Estonia,2010,2010,8165.22
FELL_TOT,Fellings,EST,Estonia,2011,2011,8990496
FELL_TOT,Fellings,EST,Estonia,2012,2012,10181723
FELL_TOT,Fellings,EST,Estonia,2013,2013,10091724
FELL_TOT,Fellings,EST,Estonia,2014,2014,10007563
FELL_TOT,Fellings,EST,Estonia,2015,2015,10046291
FELL_TOT,Fellings,EST,Estonia,2016,2016,10737585
FELL_TOT,Fellings,EST,Estonia,2017,2017,12508236
FELL_TOT,Fellings,EST,Estonia,2018,2018,12500
FELL_TOT,Fellings,RUS,Russia,2000,2000,86489
FELL_TOT,Fellings,RUS,Russia,2001,2001,89287
FELL_TOT,Fellings,RUS,Russia,2002,2002,94656
FELL_TOT,Fellings,RUS,Russia,2003,2003,111915
FELL_TOT,Fellings,RUS,Russia,2004,2004,121516
FELL_TOT,Fellings,RUS,Russia,2005,2005,124224
FELL_TOT,Fellings,RUS,Russia,2006,2006,125427
FELL_TOT,Fellings,RUS,Russia,2007,2007,142177
FELL_TOT,Fellings,RUS,Russia,2008,2008,113128
FELL_TOT,Fellings,RUS,Russia,2009,2009,100059
FELL_TOT,Fellings,RUS,Russia,2010,2010,112163
FELL_TOT,Fellings,SVN,Slovenia,1990,1990,2435
FELL_TOT,Fellings,SVN,Slovenia,2000,2000,2609
FELL_TOT,Fellings,SVN,Slovenia,2005,2005,3153
FELL_TOT,Fellings,SVN,Slovenia,2006,2006,3718
FELL_TOT,Fellings,SVN,Slovenia,2007,2007,3242
FELL_TOT,Fellings,SVN,Slovenia,2008,2008,3427
FELL_TOT,Fellings,SVN,Slovenia,2009,2009,3374
FELL_TOT,Fellings,SVN,Slovenia,2012,2012,4869
FELL_TOT,Fellings,SVN,Slovenia,2018,2018,5251
